,B,I,O,accuracy,macro avg,weighted avg
precision,0.8425076452599388,0.8174386920980926,0.9934431348060261,0.9816367842683632,0.8844631573880192,0.9820477042643655
recall,0.8677165354330708,0.8547008547008547,0.9907364160049821,0.9816367842683632,0.9043846020463026,0.9816367842683632
f1-score,0.8549262994569433,0.8356545961002786,0.9920879292200959,0.9816367842683632,0.8942229415924393,0.9818214648747621
support,635.0,351.0,12846.0,0.9816367842683632,13832.0,13832.0
