,B,I,O,accuracy,macro avg,weighted avg
precision,0.8333333333333334,0.7411444141689373,0.9929747872921708,0.978744939271255,0.8558175115981471,0.979570401900766
recall,0.8462732919254659,0.8292682926829268,0.9891912908242613,0.978744939271255,0.8882442918108847,0.978744939271255
f1-score,0.839753466872111,0.7827338129496403,0.9910794281484944,0.978744939271255,0.8711889026567485,0.9790933609964402
support,644.0,328.0,12860.0,0.978744939271255,13832.0,13832.0
