,B,I,O,accuracy,macro avg,weighted avg
precision,0.8470948012232415,0.8010899182561307,0.9944578877527125,0.9823597455176403,0.8808808690773615,0.9830255268182715
recall,0.8892455858747994,0.8571428571428571,0.9902067464635473,0.9823597455176403,0.9121983964937345,0.9823597455176403
f1-score,0.8676585747846515,0.828169014084507,0.9923277641469018,0.9823597455176403,0.8960517843386868,0.9826418650546459
support,623.0,343.0,12866.0,0.9823597455176403,13832.0,13832.0
