,B,I,O,accuracy,macro avg,weighted avg
precision,0.845565749235474,0.7247956403269755,0.9938334244009055,0.9796847888953152,0.8547316046544516,0.9809959168448512
recall,0.8560371517027864,0.875,0.9883558453656265,0.9796847888953152,0.9064643323561375,0.9796847888953152
f1-score,0.8507692307692308,0.7928464977645305,0.9910870665161718,0.9796847888953152,0.8782342650166445,0.980176825423559
support,646.0,304.0,12882.0,0.9796847888953152,13832.0,13832.0
